<?xml version="1.0" encoding="UTF-8"?>
<project-private xmlns="http://www.netbeans.org/ns/project-private/1">
    <editor-bookmarks xmlns="http://www.netbeans.org/ns/editor-bookmarks/2" lastBookmarkId="0"/>
    <open-files xmlns="http://www.netbeans.org/ns/projectui-open-files/2">
        <group>
            <file>file:/C:/NJT/WEB/MyMath/src/java/servlet/MathServletObj.java</file>
            <file>file:/C:/NJT/WEB/MyMath/web/WEB-INF/web.xml</file>
            <file>file:/C:/NJT/WEB/MyMath/src/java/servlet/MathServletBean.java</file>
            <file>file:/C:/NJT/WEB/MyMath/web/math_bean.jsp</file>
            <file>file:/C:/NJT/WEB/MyMath/src/java/model/MyMath.java</file>
        </group>
    </open-files>
</project-private>
